difficulty,avg_total_cooking_time
medium,50.0
hard,194.3913043478261
easy,23.083333333333332
